{
    "data": [
        {
            "testid": 1,
            "status": "success",
            "score": 1,
            "maximum marks": 1,
            "message": "Correct Output!"
        },
        {
            "testid": 2,
            "status": "success",
            "score": 1,
            "maximum marks": 1,
            "message": "Correct Output!"
        },
        {
            "testid": 3,
            "status": "success",
            "score": 1,
            "maximum marks": 1,
            "message": "Correct Output!"
        },
        {
            "testid": 4,
            "status": "success",
            "score": 1,
            "maximum marks": 1,
            "message": "Correct Output!"
        },
        {
            "testid": 5,
            "status": "success",
            "score": 1,
            "maximum marks": 1,
            "message": "Correct Output!"
        },
        {
            "testid": 6,
            "status": "success",
            "score": 1,
            "maximum marks": 1,
            "message": "Correct Output!"
        },
        {
            "testid": 7,
            "status": "success",
            "score": 1,
            "maximum marks": 1,
            "message": "Correct Output!"
        },
        {
            "testid": 8,
            "status": "success",
            "score": 1,
            "maximum marks": 1,
            "message": "Correct Output!"
        },
        {
            "testid": 9,
            "status": "success",
            "score": 1,
            "maximum marks": 1,
            "message": "Correct Output!"
        },
        {
            "testid": 10,
            "status": "success",
            "score": 1,
            "maximum marks": 1,
            "message": "Correct Output!"
        }
    ]
}