{
    "data": [
        {
            "testid": "Basic-Features/HTML Tag",
            "score": 1,
            "maximum marks": 1,
            "message": "html tag present"
        },
        {
            "testid": "Basic-Features/Title Tag",
            "score": 1,
            "maximum marks": 1,
            "message": "title tag present"
        },
        {
            "testid": "Basic-Features/Link",
            "score": 1,
            "maximum marks": 1,
            "message": "link tag present"
        },
        {
            "testid": "Navigation-Bar/Nav Tag",
            "score": 1,
            "maximum marks": 1,
            "message": "nav tag present"
        },
        {
            "testid": "Navigation-Bar/Background-Colour",
            "score": 1,
            "maximum marks": 1,
            "message": "nav background-colour present"
        },
        {
            "testid": "Header/header",
            "score": 1,
            "maximum marks": 1,
            "message": "header tag present"
        },
        {
            "testid": "Header/Text-Alignment",
            "score": 1,
            "maximum marks": 1,
            "message": "header text-alignment present"
        },
        {
            "testid": "Footer/footer",
            "score": 1,
            "maximum marks": 1,
            "message": "footer tag present"
        },
        {
            "testid": "Footer/id",
            "score": 1,
            "maximum marks": 1,
            "message": "footer id present"
        },
        {
            "testid": "Footer/Text-Colour",
            "score": 1,
            "maximum marks": 1,
            "message": "footer text-colour present"
        },
        {
            "testid": "Form/form",
            "score": 1,
            "maximum marks": 1,
            "message": "form tag present"
        },
        {
            "testid": "Form/label",
            "score": 1,
            "maximum marks": 1,
            "message": "label tag present"
        },
        {
            "testid": "Form/input",
            "score": 1,
            "maximum marks": 1,
            "message": "input tag present"
        },
        {
            "testid": "Form/button",
            "score": 1,
            "maximum marks": 1,
            "message": "button tag present"
        }
    ]
}