{
    "data": [
        {
            "testid": "1",
            "status": "success",
            "score": 0,
            "maximum marks": 4,
            "message": "Output not as expected on case 1. Output not as expected on case 2. Output not as expected on case 3. Output not as expected on case 4. "
        },
        {
            "testid": "1",
            "status": "success",
            "score": 0,
            "maximum marks": 6,
            "message": "Output not as expected on case 1. Output not as expected on case 2. Output not as expected on case 3. Output not as expected on case 4. Output not as expected on case 5. Output not as expected on case 6. "
        },
        {
            "testid": "1",
            "status": "success",
            "score": 0,
            "maximum marks": 4,
            "message": "Output not as expected on case 1. Output not as expected on case 2. Output not as expected on case 3. Output not as expected on case 4. "
        },
        {
            "testid": "1",
            "status": "success",
            "score": 0,
            "maximum marks": 4,
            "message": "Output not as expected on case 1. Output not as expected on case 2. Output not as expected on case 3. Output not as expected on case 4. "
        }
    ]
}