{
    "data": [
        {
            "testid": 1,
            "status": "success",
            "score": 1,
            "maximum marks": 2,
            "message": "Script Executed Successfully. valid.txt correct. sorted.txt is not as Expected. Check testcase 1. "
        },
        {
            "testid": 2,
            "status": "success",
            "score": 1,
            "maximum marks": 2,
            "message": "Script Executed Successfully. valid.txt correct. sorted.txt is not as Expected. Check testcase 2. "
        },
        {
            "testid": 3,
            "status": "success",
            "score": 1,
            "maximum marks": 2,
            "message": "Script Executed Successfully. valid.txt correct. sorted.txt is not as Expected. Check testcase 3. "
        }
    ]
}