{
    "data": [
        {
            "testid": 1,
            "status": "success",
            "score": 1,
            "maximum marks": 1,
            "message": "outputs directory found as expected"
        },
        {
            "testid": 2,
            "status": "success",
            "score": 1,
            "maximum marks": 1,
            "message": "concatenated file correct"
        },
        {
            "testid": 3,
            "status": "success",
            "score": 1,
            "maximum marks": 1,
            "message": "number of lines correct"
        }
    ]
}