{
    "data": [
        {
            "testid": "1",
            "status": "success",
            "score": 1,
            "maximum marks": 1,
            "message": "Output correct"
        },
        {
            "testid": "2",
            "status": "success",
            "score": 1,
            "maximum marks": 1,
            "message": "Output correct"
        },
        {
            "testid": "3",
            "status": "success",
            "score": 1,
            "maximum marks": 1,
            "message": "Output correct"
        },
        {
            "testid": "4",
            "status": "success",
            "score": 1,
            "maximum marks": 1,
            "message": "Output correct"
        },
        {
            "testid": "5",
            "status": "success",
            "score": 1,
            "maximum marks": 1,
            "message": "Output correct"
        }
    ]
}