{
    "data": [
        {
            "testid": "1",
            "status": "success",
            "score": 6,
            "maximum marks": 15,
            "message": "main4.txt output is not as expected. main2.txt output is not as expected. main6.txt output is not as expected. main1.txt output is not as expected. main8.txt output is not as expected. main9.txt output is not as expected. main5.txt output is not as expected. main7.txt output is not as expected. main3.txt output is not as expected. "
        }
    ]
}