{
    "marks": {
        "Nav": {
            "bar": 2,
            "titles": 1,
            "links": 1
        },
        "Home": {
            "desc": 1,
            "image": 1
        },
        "Projects": {
            "list": 2,
            "desc": 2
        },
        "Education": {
            "table": 3,
            "data": 1
        },
        "Hobbies": {
            "checkboxes": 2,
            "button": 1
        },
        "Contact": {
            "links": 1,
            "form": 3
        },
        "inline-css": {
            "desc": 1
        },
        "internal-css": {
            "navbar": 1,
            "projects": 1
        },
        "external-css": {
            "table": 1
        },
        "learn-more": {
            "function": 1,
            "desc": 2
        },
        "submit": {
            "function": 1,
            "popup": 1
        }
    },
    "total": 30,
    "feedback": {
        "Nav": {
            "bar": "",
            "titles": "",
            "links": ""
        },
        "Home": {
            "desc": "",
            "image": ""
        },
        "Projects": {
            "list": "",
            "desc": ""
        },
        "Education": {
            "table": "",
            "data": ""
        },
        "Hobbies": {
            "checkboxes": "",
            "button": ""
        },
        "Contact": {
            "links": "",
            "form": ""
        },
        "inline-css": {
            "desc": ""
        },
        "internal-css": {
            "navbar": "",
            "projects": ""
        },
        "external-css": {
            "table": ""
        },
        "learn-more": {
            "function": "",
            "desc": ""
        },
        "submit": {
            "function": "",
            "popup": ""
        }
    }
}